uuid,freq,date,source_filename,disease_common_name
DFHST0003E4,M,1/1/2016,FHSIS_Navotas_Mortality_2016_to_2018_2022,LEPTOSPIROSIS
DFHST0003E5,M,1/1/2016,FHSIS_Navotas_Mortality_2016_to_2018_2022,DENGUE FEVER
DFHST0003E6,M,1/1/2016,FHSIS_Navotas_Mortality_2016_to_2018_2022,DIABETES
DFHST0003E7,M,1/1/2016,FHSIS_Navotas_Mortality_2016_to_2018_2022,HYPERTENSIVE HEART DISEASE
DFHST0003E8,M,1/1/2016,FHSIS_Navotas_Mortality_2016_to_2018_2022,ISCHEMIC HEART DISEASE
DFHST0003E9,M,1/1/2016,FHSIS_Navotas_Mortality_2016_to_2018_2022,ISCHEMIC STROKE
DFHST0003EA,M,1/1/2016,FHSIS_Navotas_Mortality_2016_to_2018_2022,ASTHMA
DFHST0003EB,M,NA,FHSIS_Navotas_Mortality_2016_to_2018_2022,LEPTOSPIROSIS
DFHST0003EC,M,NA,FHSIS_Navotas_Mortality_2016_to_2018_2022,DENGUE FEVER
DFHST0003ED,M,NA,FHSIS_Navotas_Mortality_2016_to_2018_2022,DIABETES
DFHST0003EE,M,NA,FHSIS_Navotas_Mortality_2016_to_2018_2022,HYPERTENSIVE HEART DISEASE
DFHST0003EF,M,NA,FHSIS_Navotas_Mortality_2016_to_2018_2022,ISCHEMIC HEART DISEASE
DFHST0003F0,M,NA,FHSIS_Navotas_Mortality_2016_to_2018_2022,ISCHEMIC STROKE
DFHST0003F1,M,NA,FHSIS_Navotas_Mortality_2016_to_2018_2022,ASTHMA
DFHST0003F2,M,NA,FHSIS_Navotas_Mortality_2016_to_2018_2022,LEPTOSPIROSIS
DFHST0003F3,M,NA,FHSIS_Navotas_Mortality_2016_to_2018_2022,DENGUE FEVER
DFHST0003F4,M,NA,FHSIS_Navotas_Mortality_2016_to_2018_2022,DIABETES
DFHST0003F5,M,NA,FHSIS_Navotas_Mortality_2016_to_2018_2022,HYPERTENSIVE HEART DISEASE
DFHST0003F6,M,NA,FHSIS_Navotas_Mortality_2016_to_2018_2022,ISCHEMIC HEART DISEASE
DFHST0003F7,M,NA,FHSIS_Navotas_Mortality_2016_to_2018_2022,ISCHEMIC STROKE
DFHST0003F8,M,NA,FHSIS_Navotas_Mortality_2016_to_2018_2022,ASTHMA
DFHST0003F9,M,NA,FHSIS_Navotas_Mortality_2016_to_2018_2022,LEPTOSPIROSIS
DFHST0003FA,M,NA,FHSIS_Navotas_Mortality_2016_to_2018_2022,DENGUE FEVER
DFHST0003FB,M,NA,FHSIS_Navotas_Mortality_2016_to_2018_2022,DIABETES
DFHST0003FC,M,NA,FHSIS_Navotas_Mortality_2016_to_2018_2022,HYPERTENSIVE HEART DISEASE
DFHST0003FD,M,NA,FHSIS_Navotas_Mortality_2016_to_2018_2022,ISCHEMIC HEART DISEASE
DFHST0003FE,M,NA,FHSIS_Navotas_Mortality_2016_to_2018_2022,ISCHEMIC STROKE
DFHST0003FF,M,NA,FHSIS_Navotas_Mortality_2016_to_2018_2022,ASTHMA
DFHST000400,M,NA,FHSIS_Navotas_Mortality_2016_to_2018_2022,LEPTOSPIROSIS
DFHST000401,M,NA,FHSIS_Navotas_Mortality_2016_to_2018_2022,DENGUE FEVER
DFHST000402,M,NA,FHSIS_Navotas_Mortality_2016_to_2018_2022,DIABETES
DFHST000403,M,NA,FHSIS_Navotas_Mortality_2016_to_2018_2022,HYPERTENSIVE HEART DISEASE
DFHST000404,M,NA,FHSIS_Navotas_Mortality_2016_to_2018_2022,ISCHEMIC HEART DISEASE
DFHST000405,M,NA,FHSIS_Navotas_Mortality_2016_to_2018_2022,ISCHEMIC STROKE
DFHST000406,M,NA,FHSIS_Navotas_Mortality_2016_to_2018_2022,ASTHMA
DFHST000407,M,NA,FHSIS_Navotas_Mortality_2016_to_2018_2022,LEPTOSPIROSIS
DFHST000408,M,NA,FHSIS_Navotas_Mortality_2016_to_2018_2022,DENGUE FEVER
DFHST000409,M,NA,FHSIS_Navotas_Mortality_2016_to_2018_2022,DIABETES
DFHST00040A,M,NA,FHSIS_Navotas_Mortality_2016_to_2018_2022,HYPERTENSIVE HEART DISEASE
DFHST00040B,M,NA,FHSIS_Navotas_Mortality_2016_to_2018_2022,ISCHEMIC HEART DISEASE
DFHST00040C,M,NA,FHSIS_Navotas_Mortality_2016_to_2018_2022,ISCHEMIC STROKE
DFHST00040D,M,NA,FHSIS_Navotas_Mortality_2016_to_2018_2022,ASTHMA
DFHST00040E,M,NA,FHSIS_Navotas_Mortality_2016_to_2018_2022,LEPTOSPIROSIS
DFHST00040F,M,NA,FHSIS_Navotas_Mortality_2016_to_2018_2022,DENGUE FEVER
DFHST000410,M,NA,FHSIS_Navotas_Mortality_2016_to_2018_2022,DIABETES
DFHST000411,M,NA,FHSIS_Navotas_Mortality_2016_to_2018_2022,HYPERTENSIVE HEART DISEASE
DFHST000412,M,NA,FHSIS_Navotas_Mortality_2016_to_2018_2022,ISCHEMIC HEART DISEASE
DFHST000413,M,NA,FHSIS_Navotas_Mortality_2016_to_2018_2022,ISCHEMIC STROKE
DFHST000414,M,NA,FHSIS_Navotas_Mortality_2016_to_2018_2022,ASTHMA
DFHST000415,M,NA,FHSIS_Navotas_Mortality_2016_to_2018_2022,LEPTOSPIROSIS
DFHST000416,M,NA,FHSIS_Navotas_Mortality_2016_to_2018_2022,DENGUE FEVER
DFHST000417,M,NA,FHSIS_Navotas_Mortality_2016_to_2018_2022,DIABETES
DFHST000418,M,NA,FHSIS_Navotas_Mortality_2016_to_2018_2022,HYPERTENSIVE HEART DISEASE
DFHST000419,M,NA,FHSIS_Navotas_Mortality_2016_to_2018_2022,ISCHEMIC HEART DISEASE
DFHST00041A,M,NA,FHSIS_Navotas_Mortality_2016_to_2018_2022,ISCHEMIC STROKE
DFHST00041B,M,NA,FHSIS_Navotas_Mortality_2016_to_2018_2022,ASTHMA
DFHST00041C,M,NA,FHSIS_Navotas_Mortality_2016_to_2018_2022,LEPTOSPIROSIS
DFHST00041D,M,NA,FHSIS_Navotas_Mortality_2016_to_2018_2022,DENGUE FEVER
DFHST00041E,M,NA,FHSIS_Navotas_Mortality_2016_to_2018_2022,DIABETES
DFHST00041F,M,NA,FHSIS_Navotas_Mortality_2016_to_2018_2022,HYPERTENSIVE HEART DISEASE
DFHST000420,M,NA,FHSIS_Navotas_Mortality_2016_to_2018_2022,ISCHEMIC HEART DISEASE
DFHST000421,M,NA,FHSIS_Navotas_Mortality_2016_to_2018_2022,ISCHEMIC STROKE
DFHST000422,M,NA,FHSIS_Navotas_Mortality_2016_to_2018_2022,ASTHMA
DFHST000423,M,NA,FHSIS_Navotas_Mortality_2016_to_2018_2022,LEPTOSPIROSIS
DFHST000424,M,NA,FHSIS_Navotas_Mortality_2016_to_2018_2022,DENGUE FEVER
DFHST000425,M,NA,FHSIS_Navotas_Mortality_2016_to_2018_2022,DIABETES
DFHST000426,M,NA,FHSIS_Navotas_Mortality_2016_to_2018_2022,HYPERTENSIVE HEART DISEASE
DFHST000427,M,NA,FHSIS_Navotas_Mortality_2016_to_2018_2022,ISCHEMIC HEART DISEASE
DFHST000428,M,NA,FHSIS_Navotas_Mortality_2016_to_2018_2022,ISCHEMIC STROKE
DFHST000429,M,NA,FHSIS_Navotas_Mortality_2016_to_2018_2022,ASTHMA
DFHST00042A,M,NA,FHSIS_Navotas_Mortality_2016_to_2018_2022,LEPTOSPIROSIS
DFHST00042B,M,NA,FHSIS_Navotas_Mortality_2016_to_2018_2022,DENGUE FEVER
DFHST00042C,M,NA,FHSIS_Navotas_Mortality_2016_to_2018_2022,DIABETES
DFHST00042D,M,NA,FHSIS_Navotas_Mortality_2016_to_2018_2022,HYPERTENSIVE HEART DISEASE
DFHST00042E,M,NA,FHSIS_Navotas_Mortality_2016_to_2018_2022,ISCHEMIC HEART DISEASE
DFHST00042F,M,NA,FHSIS_Navotas_Mortality_2016_to_2018_2022,ISCHEMIC STROKE
DFHST000430,M,NA,FHSIS_Navotas_Mortality_2016_to_2018_2022,ASTHMA
DFHST000431,M,NA,FHSIS_Navotas_Mortality_2016_to_2018_2022,LEPTOSPIROSIS
DFHST000432,M,NA,FHSIS_Navotas_Mortality_2016_to_2018_2022,DENGUE FEVER
DFHST000433,M,NA,FHSIS_Navotas_Mortality_2016_to_2018_2022,DIABETES
DFHST000434,M,NA,FHSIS_Navotas_Mortality_2016_to_2018_2022,HYPERTENSIVE HEART DISEASE
DFHST000435,M,NA,FHSIS_Navotas_Mortality_2016_to_2018_2022,ISCHEMIC HEART DISEASE
DFHST000436,M,NA,FHSIS_Navotas_Mortality_2016_to_2018_2022,ISCHEMIC STROKE
DFHST000437,M,NA,FHSIS_Navotas_Mortality_2016_to_2018_2022,ASTHMA
DFHST000438,M,1/1/2017,FHSIS_Navotas_Morbidity_2017_OCR,DIABETES
DFHST000439,M,1/1/2017,FHSIS_Navotas_Morbidity_2017_OCR,HYPERTENSIVE HEART DISEASE
DFHST00043A,M,1/1/2017,FHSIS_Navotas_Morbidity_2017_OCR,ANGINA
DFHST00043B,M,1/1/2017,FHSIS_Navotas_Morbidity_2017_OCR,ISCHEMIC HEART DISEASE
DFHST00043C,M,1/1/2017,FHSIS_Navotas_Morbidity_2017_OCR,ASTHMA
DFHST00043D,M,1/1/2017,FHSIS_Navotas_Mortality_2016_to_2018_2022,LEPTOSPIROSIS
DFHST00043E,M,1/1/2017,FHSIS_Navotas_Mortality_2016_to_2018_2022,DENGUE FEVER
DFHST00043F,M,1/1/2017,FHSIS_Navotas_Mortality_2016_to_2018_2022,DIABETES
DFHST000440,M,1/1/2017,FHSIS_Navotas_Mortality_2016_to_2018_2022,HYPERTENSIVE HEART DISEASE
DFHST000441,M,1/1/2017,FHSIS_Navotas_Mortality_2016_to_2018_2022,ISCHEMIC HEART DISEASE
DFHST000442,M,1/1/2017,FHSIS_Navotas_Mortality_2016_to_2018_2022,ISCHEMIC STROKE
DFHST000443,M,1/1/2017,FHSIS_Navotas_Mortality_2016_to_2018_2022,ASTHMA
DFHST000444,M,NA,FHSIS_Navotas_Morbidity_2017_OCR,DIABETES
DFHST000445,M,NA,FHSIS_Navotas_Morbidity_2017_OCR,HYPERTENSIVE HEART DISEASE
DFHST000446,M,NA,FHSIS_Navotas_Morbidity_2017_OCR,ANGINA
DFHST000447,M,NA,FHSIS_Navotas_Morbidity_2017_OCR,ISCHEMIC HEART DISEASE
DFHST000448,M,NA,FHSIS_Navotas_Morbidity_2017_OCR,ASTHMA
DFHST000449,M,NA,FHSIS_Navotas_Mortality_2016_to_2018_2022,LEPTOSPIROSIS
DFHST00044A,M,NA,FHSIS_Navotas_Mortality_2016_to_2018_2022,DENGUE FEVER
DFHST00044B,M,NA,FHSIS_Navotas_Mortality_2016_to_2018_2022,DIABETES
DFHST00044C,M,NA,FHSIS_Navotas_Mortality_2016_to_2018_2022,HYPERTENSIVE HEART DISEASE
DFHST00044D,M,NA,FHSIS_Navotas_Mortality_2016_to_2018_2022,ISCHEMIC HEART DISEASE
DFHST00044E,M,NA,FHSIS_Navotas_Mortality_2016_to_2018_2022,ISCHEMIC STROKE
DFHST00044F,M,NA,FHSIS_Navotas_Mortality_2016_to_2018_2022,ASTHMA
DFHST000450,M,NA,FHSIS_Navotas_Morbidity_2017_OCR,DIABETES
DFHST000451,M,NA,FHSIS_Navotas_Morbidity_2017_OCR,HYPERTENSIVE HEART DISEASE
DFHST000452,M,NA,FHSIS_Navotas_Morbidity_2017_OCR,ANGINA
DFHST000453,M,NA,FHSIS_Navotas_Morbidity_2017_OCR,ISCHEMIC HEART DISEASE
DFHST000454,M,NA,FHSIS_Navotas_Morbidity_2017_OCR,ASTHMA
DFHST000455,M,NA,FHSIS_Navotas_Mortality_2016_to_2018_2022,LEPTOSPIROSIS
DFHST000456,M,NA,FHSIS_Navotas_Mortality_2016_to_2018_2022,DENGUE FEVER
DFHST000457,M,NA,FHSIS_Navotas_Mortality_2016_to_2018_2022,DIABETES
DFHST000458,M,NA,FHSIS_Navotas_Mortality_2016_to_2018_2022,HYPERTENSIVE HEART DISEASE
DFHST000459,M,NA,FHSIS_Navotas_Mortality_2016_to_2018_2022,ISCHEMIC HEART DISEASE
DFHST00045A,M,NA,FHSIS_Navotas_Mortality_2016_to_2018_2022,ISCHEMIC STROKE
DFHST00045B,M,NA,FHSIS_Navotas_Mortality_2016_to_2018_2022,ASTHMA
DFHST00045C,M,NA,FHSIS_Navotas_Morbidity_2017_OCR,DIABETES
DFHST00045D,M,NA,FHSIS_Navotas_Morbidity_2017_OCR,HYPERTENSIVE HEART DISEASE
DFHST00045E,M,NA,FHSIS_Navotas_Morbidity_2017_OCR,ANGINA
DFHST00045F,M,NA,FHSIS_Navotas_Morbidity_2017_OCR,ISCHEMIC HEART DISEASE
DFHST000460,M,NA,FHSIS_Navotas_Morbidity_2017_OCR,ASTHMA
DFHST000461,M,NA,FHSIS_Navotas_Mortality_2016_to_2018_2022,LEPTOSPIROSIS
DFHST000462,M,NA,FHSIS_Navotas_Mortality_2016_to_2018_2022,DENGUE FEVER
DFHST000463,M,NA,FHSIS_Navotas_Mortality_2016_to_2018_2022,DIABETES
DFHST000464,M,NA,FHSIS_Navotas_Mortality_2016_to_2018_2022,HYPERTENSIVE HEART DISEASE
DFHST000465,M,NA,FHSIS_Navotas_Mortality_2016_to_2018_2022,ISCHEMIC HEART DISEASE
DFHST000466,M,NA,FHSIS_Navotas_Mortality_2016_to_2018_2022,ISCHEMIC STROKE
DFHST000467,M,NA,FHSIS_Navotas_Mortality_2016_to_2018_2022,ASTHMA
DFHST000468,M,NA,FHSIS_Navotas_Morbidity_2017_OCR,DIABETES
DFHST000469,M,NA,FHSIS_Navotas_Morbidity_2017_OCR,HYPERTENSIVE HEART DISEASE
DFHST00046A,M,NA,FHSIS_Navotas_Morbidity_2017_OCR,ANGINA
DFHST00046B,M,NA,FHSIS_Navotas_Morbidity_2017_OCR,ISCHEMIC HEART DISEASE
DFHST00046C,M,NA,FHSIS_Navotas_Morbidity_2017_OCR,ASTHMA
DFHST00046D,M,NA,FHSIS_Navotas_Mortality_2016_to_2018_2022,LEPTOSPIROSIS
DFHST00046E,M,NA,FHSIS_Navotas_Mortality_2016_to_2018_2022,DENGUE FEVER
DFHST00046F,M,NA,FHSIS_Navotas_Mortality_2016_to_2018_2022,DIABETES
DFHST000470,M,NA,FHSIS_Navotas_Mortality_2016_to_2018_2022,HYPERTENSIVE HEART DISEASE
DFHST000471,M,NA,FHSIS_Navotas_Mortality_2016_to_2018_2022,ISCHEMIC HEART DISEASE
DFHST000472,M,NA,FHSIS_Navotas_Mortality_2016_to_2018_2022,ISCHEMIC STROKE
DFHST000473,M,NA,FHSIS_Navotas_Mortality_2016_to_2018_2022,ASTHMA
DFHST000474,M,NA,FHSIS_Navotas_Morbidity_2017_OCR,DIABETES
DFHST000475,M,NA,FHSIS_Navotas_Morbidity_2017_OCR,HYPERTENSIVE HEART DISEASE
DFHST000476,M,NA,FHSIS_Navotas_Morbidity_2017_OCR,ANGINA
DFHST000477,M,NA,FHSIS_Navotas_Morbidity_2017_OCR,ISCHEMIC HEART DISEASE
DFHST000478,M,NA,FHSIS_Navotas_Morbidity_2017_OCR,ASTHMA
DFHST000479,M,NA,FHSIS_Navotas_Mortality_2016_to_2018_2022,LEPTOSPIROSIS
DFHST00047A,M,NA,FHSIS_Navotas_Mortality_2016_to_2018_2022,DENGUE FEVER
DFHST00047B,M,NA,FHSIS_Navotas_Mortality_2016_to_2018_2022,DIABETES
DFHST00047C,M,NA,FHSIS_Navotas_Mortality_2016_to_2018_2022,HYPERTENSIVE HEART DISEASE
DFHST00047D,M,NA,FHSIS_Navotas_Mortality_2016_to_2018_2022,ISCHEMIC HEART DISEASE
DFHST00047E,M,NA,FHSIS_Navotas_Mortality_2016_to_2018_2022,ISCHEMIC STROKE
DFHST00047F,M,NA,FHSIS_Navotas_Mortality_2016_to_2018_2022,ASTHMA
DFHST000480,M,NA,FHSIS_Navotas_Morbidity_2017_OCR,DIABETES
DFHST000481,M,NA,FHSIS_Navotas_Morbidity_2017_OCR,HYPERTENSIVE HEART DISEASE
DFHST000482,M,NA,FHSIS_Navotas_Morbidity_2017_OCR,ANGINA
DFHST000483,M,NA,FHSIS_Navotas_Morbidity_2017_OCR,ISCHEMIC HEART DISEASE
DFHST000484,M,NA,FHSIS_Navotas_Morbidity_2017_OCR,ASTHMA
DFHST000485,M,NA,FHSIS_Navotas_Mortality_2016_to_2018_2022,LEPTOSPIROSIS
DFHST000486,M,NA,FHSIS_Navotas_Mortality_2016_to_2018_2022,DENGUE FEVER
DFHST000487,M,NA,FHSIS_Navotas_Mortality_2016_to_2018_2022,DIABETES
DFHST000488,M,NA,FHSIS_Navotas_Mortality_2016_to_2018_2022,HYPERTENSIVE HEART DISEASE
DFHST000489,M,NA,FHSIS_Navotas_Mortality_2016_to_2018_2022,ISCHEMIC HEART DISEASE
DFHST00048A,M,NA,FHSIS_Navotas_Mortality_2016_to_2018_2022,ISCHEMIC STROKE
DFHST00048B,M,NA,FHSIS_Navotas_Mortality_2016_to_2018_2022,ASTHMA
DFHST00048C,M,NA,FHSIS_Navotas_Morbidity_2017_OCR,DIABETES
DFHST00048D,M,NA,FHSIS_Navotas_Morbidity_2017_OCR,HYPERTENSIVE HEART DISEASE
DFHST00048E,M,NA,FHSIS_Navotas_Morbidity_2017_OCR,ANGINA
DFHST00048F,M,NA,FHSIS_Navotas_Morbidity_2017_OCR,ISCHEMIC HEART DISEASE
DFHST000490,M,NA,FHSIS_Navotas_Morbidity_2017_OCR,ASTHMA
DFHST000491,M,NA,FHSIS_Navotas_Mortality_2016_to_2018_2022,LEPTOSPIROSIS
DFHST000492,M,NA,FHSIS_Navotas_Mortality_2016_to_2018_2022,DENGUE FEVER
DFHST000493,M,NA,FHSIS_Navotas_Mortality_2016_to_2018_2022,DIABETES
DFHST000494,M,NA,FHSIS_Navotas_Mortality_2016_to_2018_2022,HYPERTENSIVE HEART DISEASE
DFHST000495,M,NA,FHSIS_Navotas_Mortality_2016_to_2018_2022,ISCHEMIC HEART DISEASE
DFHST000496,M,NA,FHSIS_Navotas_Mortality_2016_to_2018_2022,ISCHEMIC STROKE
DFHST000497,M,NA,FHSIS_Navotas_Mortality_2016_to_2018_2022,ASTHMA
DFHST000498,M,NA,FHSIS_Navotas_Morbidity_2017_OCR,DIABETES
DFHST000499,M,NA,FHSIS_Navotas_Morbidity_2017_OCR,HYPERTENSIVE HEART DISEASE
DFHST00049A,M,NA,FHSIS_Navotas_Morbidity_2017_OCR,ANGINA
DFHST00049B,M,NA,FHSIS_Navotas_Morbidity_2017_OCR,ISCHEMIC HEART DISEASE
DFHST00049C,M,NA,FHSIS_Navotas_Morbidity_2017_OCR,ASTHMA
DFHST00049D,M,NA,FHSIS_Navotas_Mortality_2016_to_2018_2022,LEPTOSPIROSIS
DFHST00049E,M,NA,FHSIS_Navotas_Mortality_2016_to_2018_2022,DENGUE FEVER
DFHST00049F,M,NA,FHSIS_Navotas_Mortality_2016_to_2018_2022,DIABETES
DFHST0004A0,M,NA,FHSIS_Navotas_Mortality_2016_to_2018_2022,HYPERTENSIVE HEART DISEASE
DFHST0004A1,M,NA,FHSIS_Navotas_Mortality_2016_to_2018_2022,ISCHEMIC HEART DISEASE
DFHST0004A2,M,NA,FHSIS_Navotas_Mortality_2016_to_2018_2022,ISCHEMIC STROKE
DFHST0004A3,M,NA,FHSIS_Navotas_Mortality_2016_to_2018_2022,ASTHMA
DFHST0004A4,M,NA,FHSIS_Navotas_Morbidity_2017_OCR,DIABETES
DFHST0004A5,M,NA,FHSIS_Navotas_Morbidity_2017_OCR,HYPERTENSIVE HEART DISEASE
DFHST0004A6,M,NA,FHSIS_Navotas_Morbidity_2017_OCR,ANGINA
DFHST0004A7,M,NA,FHSIS_Navotas_Morbidity_2017_OCR,ISCHEMIC HEART DISEASE
DFHST0004A8,M,NA,FHSIS_Navotas_Morbidity_2017_OCR,ASTHMA
DFHST0004A9,M,NA,FHSIS_Navotas_Mortality_2016_to_2018_2022,LEPTOSPIROSIS
DFHST0004AA,M,NA,FHSIS_Navotas_Mortality_2016_to_2018_2022,DENGUE FEVER
DFHST0004AB,M,NA,FHSIS_Navotas_Mortality_2016_to_2018_2022,DIABETES
DFHST0004AC,M,NA,FHSIS_Navotas_Mortality_2016_to_2018_2022,HYPERTENSIVE HEART DISEASE
DFHST0004AD,M,NA,FHSIS_Navotas_Mortality_2016_to_2018_2022,ISCHEMIC HEART DISEASE
DFHST0004AE,M,NA,FHSIS_Navotas_Mortality_2016_to_2018_2022,ISCHEMIC STROKE
DFHST0004AF,M,NA,FHSIS_Navotas_Mortality_2016_to_2018_2022,ASTHMA
DFHST0004B0,M,NA,FHSIS_Navotas_Morbidity_2017_OCR,DIABETES
DFHST0004B1,M,NA,FHSIS_Navotas_Morbidity_2017_OCR,HYPERTENSIVE HEART DISEASE
DFHST0004B2,M,NA,FHSIS_Navotas_Morbidity_2017_OCR,ANGINA
DFHST0004B3,M,NA,FHSIS_Navotas_Morbidity_2017_OCR,ISCHEMIC HEART DISEASE
DFHST0004B4,M,NA,FHSIS_Navotas_Morbidity_2017_OCR,ASTHMA
DFHST0004B5,M,NA,FHSIS_Navotas_Mortality_2016_to_2018_2022,LEPTOSPIROSIS
DFHST0004B6,M,NA,FHSIS_Navotas_Mortality_2016_to_2018_2022,DENGUE FEVER
DFHST0004B7,M,NA,FHSIS_Navotas_Mortality_2016_to_2018_2022,DIABETES
DFHST0004B8,M,NA,FHSIS_Navotas_Mortality_2016_to_2018_2022,HYPERTENSIVE HEART DISEASE
DFHST0004B9,M,NA,FHSIS_Navotas_Mortality_2016_to_2018_2022,ISCHEMIC HEART DISEASE
DFHST0004BA,M,NA,FHSIS_Navotas_Mortality_2016_to_2018_2022,ISCHEMIC STROKE
DFHST0004BB,M,NA,FHSIS_Navotas_Mortality_2016_to_2018_2022,ASTHMA
DFHST0004BC,M,NA,FHSIS_Navotas_Morbidity_2017_OCR,DIABETES
DFHST0004BD,M,NA,FHSIS_Navotas_Morbidity_2017_OCR,HYPERTENSIVE HEART DISEASE
DFHST0004BE,M,NA,FHSIS_Navotas_Morbidity_2017_OCR,ANGINA
DFHST0004BF,M,NA,FHSIS_Navotas_Morbidity_2017_OCR,ISCHEMIC HEART DISEASE
DFHST0004C0,M,NA,FHSIS_Navotas_Morbidity_2017_OCR,ASTHMA
DFHST0004C1,M,NA,FHSIS_Navotas_Mortality_2016_to_2018_2022,LEPTOSPIROSIS
DFHST0004C2,M,NA,FHSIS_Navotas_Mortality_2016_to_2018_2022,DENGUE FEVER
DFHST0004C3,M,NA,FHSIS_Navotas_Mortality_2016_to_2018_2022,DIABETES
DFHST0004C4,M,NA,FHSIS_Navotas_Mortality_2016_to_2018_2022,HYPERTENSIVE HEART DISEASE
DFHST0004C5,M,NA,FHSIS_Navotas_Mortality_2016_to_2018_2022,ISCHEMIC HEART DISEASE
DFHST0004C6,M,NA,FHSIS_Navotas_Mortality_2016_to_2018_2022,ISCHEMIC STROKE
DFHST0004C7,M,NA,FHSIS_Navotas_Mortality_2016_to_2018_2022,ASTHMA
DFHST0004C8,M,NA,FHSIS_Navotas_Mortality_2016_to_2018_2022,LEPTOSPIROSIS
DFHST0004C9,M,NA,FHSIS_Navotas_Mortality_2016_to_2018_2022,DENGUE FEVER
DFHST0004CA,M,NA,FHSIS_Navotas_Mortality_2016_to_2018_2022,DIABETES
DFHST0004CB,M,NA,FHSIS_Navotas_Mortality_2016_to_2018_2022,HYPERTENSIVE HEART DISEASE
DFHST0004CC,M,NA,FHSIS_Navotas_Mortality_2016_to_2018_2022,ISCHEMIC HEART DISEASE
DFHST0004CD,M,NA,FHSIS_Navotas_Mortality_2016_to_2018_2022,ISCHEMIC STROKE
DFHST0004CE,M,NA,FHSIS_Navotas_Mortality_2016_to_2018_2022,ASTHMA
DFHST0004CF,M,NA,FHSIS_Navotas_Mortality_2016_to_2018_2022,LEPTOSPIROSIS
DFHST0004D0,M,NA,FHSIS_Navotas_Mortality_2016_to_2018_2022,DENGUE FEVER
DFHST0004D1,M,NA,FHSIS_Navotas_Mortality_2016_to_2018_2022,DIABETES
DFHST0004D2,M,NA,FHSIS_Navotas_Mortality_2016_to_2018_2022,HYPERTENSIVE HEART DISEASE
DFHST0004D3,M,NA,FHSIS_Navotas_Mortality_2016_to_2018_2022,ISCHEMIC HEART DISEASE
DFHST0004D4,M,NA,FHSIS_Navotas_Mortality_2016_to_2018_2022,ISCHEMIC STROKE
DFHST0004D5,M,NA,FHSIS_Navotas_Mortality_2016_to_2018_2022,ASTHMA
DFHST0004D6,M,NA,FHSIS_Navotas_Mortality_2016_to_2018_2022,LEPTOSPIROSIS
DFHST0004D7,M,NA,FHSIS_Navotas_Mortality_2016_to_2018_2022,DENGUE FEVER
DFHST0004D8,M,NA,FHSIS_Navotas_Mortality_2016_to_2018_2022,DIABETES
DFHST0004D9,M,NA,FHSIS_Navotas_Mortality_2016_to_2018_2022,HYPERTENSIVE HEART DISEASE
DFHST0004DA,M,NA,FHSIS_Navotas_Mortality_2016_to_2018_2022,ISCHEMIC HEART DISEASE
DFHST0004DB,M,NA,FHSIS_Navotas_Mortality_2016_to_2018_2022,ISCHEMIC STROKE
DFHST0004DC,M,NA,FHSIS_Navotas_Mortality_2016_to_2018_2022,ASTHMA
DFHST0004DD,M,NA,FHSIS_Navotas_Mortality_2016_to_2018_2022,LEPTOSPIROSIS
DFHST0004DE,M,NA,FHSIS_Navotas_Mortality_2016_to_2018_2022,DENGUE FEVER
DFHST0004DF,M,NA,FHSIS_Navotas_Mortality_2016_to_2018_2022,DIABETES
DFHST0004E0,M,NA,FHSIS_Navotas_Mortality_2016_to_2018_2022,HYPERTENSIVE HEART DISEASE
DFHST0004E1,M,NA,FHSIS_Navotas_Mortality_2016_to_2018_2022,ISCHEMIC HEART DISEASE
DFHST0004E2,M,NA,FHSIS_Navotas_Mortality_2016_to_2018_2022,ISCHEMIC STROKE
DFHST0004E3,M,NA,FHSIS_Navotas_Mortality_2016_to_2018_2022,ASTHMA
DFHST0004E4,M,NA,FHSIS_Navotas_Mortality_2016_to_2018_2022,LEPTOSPIROSIS
DFHST0004E5,M,NA,FHSIS_Navotas_Mortality_2016_to_2018_2022,DENGUE FEVER
DFHST0004E6,M,NA,FHSIS_Navotas_Mortality_2016_to_2018_2022,DIABETES
DFHST0004E7,M,NA,FHSIS_Navotas_Mortality_2016_to_2018_2022,HYPERTENSIVE HEART DISEASE
DFHST0004E8,M,NA,FHSIS_Navotas_Mortality_2016_to_2018_2022,ISCHEMIC HEART DISEASE
DFHST0004E9,M,NA,FHSIS_Navotas_Mortality_2016_to_2018_2022,ISCHEMIC STROKE
DFHST0004EA,M,NA,FHSIS_Navotas_Mortality_2016_to_2018_2022,ASTHMA
DFHST0004EB,M,NA,FHSIS_Navotas_Mortality_2016_to_2018_2022,LEPTOSPIROSIS
DFHST0004EC,M,NA,FHSIS_Navotas_Mortality_2016_to_2018_2022,DENGUE FEVER
DFHST0004ED,M,NA,FHSIS_Navotas_Mortality_2016_to_2018_2022,DIABETES
DFHST0004EE,M,NA,FHSIS_Navotas_Mortality_2016_to_2018_2022,HYPERTENSIVE HEART DISEASE
DFHST0004EF,M,NA,FHSIS_Navotas_Mortality_2016_to_2018_2022,ISCHEMIC HEART DISEASE
DFHST0004F0,M,NA,FHSIS_Navotas_Mortality_2016_to_2018_2022,ISCHEMIC STROKE
DFHST0004F1,M,NA,FHSIS_Navotas_Mortality_2016_to_2018_2022,ASTHMA
DFHST0004F2,M,NA,FHSIS_Navotas_Mortality_2016_to_2018_2022,LEPTOSPIROSIS
DFHST0004F3,M,NA,FHSIS_Navotas_Mortality_2016_to_2018_2022,DENGUE FEVER
DFHST0004F4,M,NA,FHSIS_Navotas_Mortality_2016_to_2018_2022,DIABETES
DFHST0004F5,M,NA,FHSIS_Navotas_Mortality_2016_to_2018_2022,HYPERTENSIVE HEART DISEASE
DFHST0004F6,M,NA,FHSIS_Navotas_Mortality_2016_to_2018_2022,ISCHEMIC HEART DISEASE
DFHST0004F7,M,NA,FHSIS_Navotas_Mortality_2016_to_2018_2022,ISCHEMIC STROKE
DFHST0004F8,M,NA,FHSIS_Navotas_Mortality_2016_to_2018_2022,ASTHMA
DFHST0004F9,M,NA,FHSIS_Navotas_Mortality_2016_to_2018_2022,LEPTOSPIROSIS
DFHST0004FA,M,NA,FHSIS_Navotas_Mortality_2016_to_2018_2022,DENGUE FEVER
DFHST0004FB,M,NA,FHSIS_Navotas_Mortality_2016_to_2018_2022,DIABETES
DFHST0004FC,M,NA,FHSIS_Navotas_Mortality_2016_to_2018_2022,HYPERTENSIVE HEART DISEASE
DFHST0004FD,M,NA,FHSIS_Navotas_Mortality_2016_to_2018_2022,ISCHEMIC HEART DISEASE
DFHST0004FE,M,NA,FHSIS_Navotas_Mortality_2016_to_2018_2022,ISCHEMIC STROKE
DFHST0004FF,M,NA,FHSIS_Navotas_Mortality_2016_to_2018_2022,ASTHMA
DFHST000500,M,NA,FHSIS_Navotas_Mortality_2016_to_2018_2022,LEPTOSPIROSIS
DFHST000501,M,NA,FHSIS_Navotas_Mortality_2016_to_2018_2022,DENGUE FEVER
DFHST000502,M,NA,FHSIS_Navotas_Mortality_2016_to_2018_2022,DIABETES
DFHST000503,M,NA,FHSIS_Navotas_Mortality_2016_to_2018_2022,HYPERTENSIVE HEART DISEASE
DFHST000504,M,NA,FHSIS_Navotas_Mortality_2016_to_2018_2022,ISCHEMIC HEART DISEASE
DFHST000505,M,NA,FHSIS_Navotas_Mortality_2016_to_2018_2022,ISCHEMIC STROKE
DFHST000506,M,NA,FHSIS_Navotas_Mortality_2016_to_2018_2022,ASTHMA
DFHST000507,M,NA,FHSIS_Navotas_Mortality_2016_to_2018_2022,LEPTOSPIROSIS
DFHST000508,M,NA,FHSIS_Navotas_Mortality_2016_to_2018_2022,DENGUE FEVER
DFHST000509,M,NA,FHSIS_Navotas_Mortality_2016_to_2018_2022,DIABETES
DFHST00050A,M,NA,FHSIS_Navotas_Mortality_2016_to_2018_2022,HYPERTENSIVE HEART DISEASE
DFHST00050B,M,NA,FHSIS_Navotas_Mortality_2016_to_2018_2022,ISCHEMIC HEART DISEASE
DFHST00050C,M,NA,FHSIS_Navotas_Mortality_2016_to_2018_2022,ISCHEMIC STROKE
DFHST00050D,M,NA,FHSIS_Navotas_Mortality_2016_to_2018_2022,ASTHMA
DFHST00050E,M,NA,FHSIS_Navotas_Mortality_2016_to_2018_2022,LEPTOSPIROSIS
DFHST00050F,M,NA,FHSIS_Navotas_Mortality_2016_to_2018_2022,DENGUE FEVER
DFHST000510,M,NA,FHSIS_Navotas_Mortality_2016_to_2018_2022,DIABETES
DFHST000511,M,NA,FHSIS_Navotas_Mortality_2016_to_2018_2022,HYPERTENSIVE HEART DISEASE
DFHST000512,M,NA,FHSIS_Navotas_Mortality_2016_to_2018_2022,ISCHEMIC HEART DISEASE
DFHST000513,M,NA,FHSIS_Navotas_Mortality_2016_to_2018_2022,ISCHEMIC STROKE
DFHST000514,M,NA,FHSIS_Navotas_Mortality_2016_to_2018_2022,ASTHMA
DFHST000515,M,NA,FHSIS_Navotas_Mortality_2016_to_2018_2022,LEPTOSPIROSIS
DFHST000516,M,NA,FHSIS_Navotas_Mortality_2016_to_2018_2022,DENGUE FEVER
DFHST000517,M,NA,FHSIS_Navotas_Mortality_2016_to_2018_2022,DIABETES
DFHST000518,M,NA,FHSIS_Navotas_Mortality_2016_to_2018_2022,HYPERTENSIVE HEART DISEASE
DFHST000519,M,NA,FHSIS_Navotas_Mortality_2016_to_2018_2022,ISCHEMIC HEART DISEASE
DFHST00051A,M,NA,FHSIS_Navotas_Mortality_2016_to_2018_2022,ISCHEMIC STROKE
DFHST00051B,M,NA,FHSIS_Navotas_Mortality_2016_to_2018_2022,ASTHMA
DFHST00051C,M,1/1/2019,FHSIS_Navotas_Mortality_2016_to_2018_2022,LEPTOSPIROSIS
DFHST00051D,M,1/1/2019,FHSIS_Navotas_Mortality_2016_to_2018_2022,DENGUE FEVER
DFHST00051E,M,1/1/2019,FHSIS_Navotas_Mortality_2016_to_2018_2022,DIABETES
DFHST00051F,M,1/1/2019,FHSIS_Navotas_Mortality_2016_to_2018_2022,HYPERTENSIVE HEART DISEASE
DFHST000520,M,1/1/2019,FHSIS_Navotas_Mortality_2016_to_2018_2022,ISCHEMIC HEART DISEASE
DFHST000521,M,1/1/2019,FHSIS_Navotas_Mortality_2016_to_2018_2022,ISCHEMIC STROKE
DFHST000522,M,1/1/2019,FHSIS_Navotas_Mortality_2016_to_2018_2022,ASTHMA
DFHST000523,M,NA,FHSIS_Navotas_Mortality_2016_to_2018_2022,LEPTOSPIROSIS
DFHST000524,M,NA,FHSIS_Navotas_Mortality_2016_to_2018_2022,DENGUE FEVER
DFHST000525,M,NA,FHSIS_Navotas_Mortality_2016_to_2018_2022,DIABETES
DFHST000526,M,NA,FHSIS_Navotas_Mortality_2016_to_2018_2022,HYPERTENSIVE HEART DISEASE
DFHST000527,M,NA,FHSIS_Navotas_Mortality_2016_to_2018_2022,ISCHEMIC HEART DISEASE
DFHST000528,M,NA,FHSIS_Navotas_Mortality_2016_to_2018_2022,ISCHEMIC STROKE
DFHST000529,M,NA,FHSIS_Navotas_Mortality_2016_to_2018_2022,ASTHMA
DFHST00052A,M,NA,FHSIS_Navotas_Mortality_2016_to_2018_2022,LEPTOSPIROSIS
DFHST00052B,M,NA,FHSIS_Navotas_Mortality_2016_to_2018_2022,DENGUE FEVER
DFHST00052C,M,NA,FHSIS_Navotas_Mortality_2016_to_2018_2022,DIABETES
DFHST00052D,M,NA,FHSIS_Navotas_Mortality_2016_to_2018_2022,HYPERTENSIVE HEART DISEASE
DFHST00052E,M,NA,FHSIS_Navotas_Mortality_2016_to_2018_2022,ISCHEMIC HEART DISEASE
DFHST00052F,M,NA,FHSIS_Navotas_Mortality_2016_to_2018_2022,ISCHEMIC STROKE
DFHST000530,M,NA,FHSIS_Navotas_Mortality_2016_to_2018_2022,ASTHMA
DFHST000531,M,4/1/2019,FHSIS_Navotas_Mortality_2016_to_2018_2022,LEPTOSPIROSIS
DFHST000532,M,4/1/2019,FHSIS_Navotas_Mortality_2016_to_2018_2022,DENGUE FEVER
DFHST000533,M,4/1/2019,FHSIS_Navotas_Mortality_2016_to_2018_2022,DIABETES
DFHST000534,M,4/1/2019,FHSIS_Navotas_Mortality_2016_to_2018_2022,HYPERTENSIVE HEART DISEASE
DFHST000535,M,4/1/2019,FHSIS_Navotas_Mortality_2016_to_2018_2022,ISCHEMIC HEART DISEASE
DFHST000536,M,4/1/2019,FHSIS_Navotas_Mortality_2016_to_2018_2022,ISCHEMIC STROKE
DFHST000537,M,4/1/2019,FHSIS_Navotas_Mortality_2016_to_2018_2022,ASTHMA
DFHST000538,M,NA,FHSIS_Navotas_Mortality_2016_to_2018_2022,LEPTOSPIROSIS
DFHST000539,M,NA,FHSIS_Navotas_Mortality_2016_to_2018_2022,DENGUE FEVER
DFHST00053A,M,NA,FHSIS_Navotas_Mortality_2016_to_2018_2022,DIABETES
DFHST00053B,M,NA,FHSIS_Navotas_Mortality_2016_to_2018_2022,HYPERTENSIVE HEART DISEASE
DFHST00053C,M,NA,FHSIS_Navotas_Mortality_2016_to_2018_2022,ISCHEMIC HEART DISEASE
DFHST00053D,M,NA,FHSIS_Navotas_Mortality_2016_to_2018_2022,ISCHEMIC STROKE
DFHST00053E,M,NA,FHSIS_Navotas_Mortality_2016_to_2018_2022,ASTHMA
DFHST00053F,M,NA,FHSIS_Navotas_Mortality_2016_to_2018_2022,LEPTOSPIROSIS
DFHST000540,M,NA,FHSIS_Navotas_Mortality_2016_to_2018_2022,DENGUE FEVER
DFHST000541,M,NA,FHSIS_Navotas_Mortality_2016_to_2018_2022,DIABETES
DFHST000542,M,NA,FHSIS_Navotas_Mortality_2016_to_2018_2022,HYPERTENSIVE HEART DISEASE
DFHST000543,M,NA,FHSIS_Navotas_Mortality_2016_to_2018_2022,ISCHEMIC HEART DISEASE
DFHST000544,M,NA,FHSIS_Navotas_Mortality_2016_to_2018_2022,ISCHEMIC STROKE
DFHST000545,M,NA,FHSIS_Navotas_Mortality_2016_to_2018_2022,ASTHMA
DFHST000546,M,7/1/2019,FHSIS_Navotas_Mortality_2016_to_2018_2022,LEPTOSPIROSIS
DFHST000547,M,7/1/2019,FHSIS_Navotas_Mortality_2016_to_2018_2022,DENGUE FEVER
DFHST000548,M,7/1/2019,FHSIS_Navotas_Mortality_2016_to_2018_2022,DIABETES
DFHST000549,M,7/1/2019,FHSIS_Navotas_Mortality_2016_to_2018_2022,HYPERTENSIVE HEART DISEASE
DFHST00054A,M,7/1/2019,FHSIS_Navotas_Mortality_2016_to_2018_2022,ISCHEMIC HEART DISEASE
DFHST00054B,M,7/1/2019,FHSIS_Navotas_Mortality_2016_to_2018_2022,ISCHEMIC STROKE
DFHST00054C,M,7/1/2019,FHSIS_Navotas_Mortality_2016_to_2018_2022,ASTHMA
DFHST00054D,M,NA,FHSIS_Navotas_Mortality_2016_to_2018_2022,LEPTOSPIROSIS
DFHST00054E,M,NA,FHSIS_Navotas_Mortality_2016_to_2018_2022,DENGUE FEVER
DFHST00054F,M,NA,FHSIS_Navotas_Mortality_2016_to_2018_2022,DIABETES
DFHST000550,M,NA,FHSIS_Navotas_Mortality_2016_to_2018_2022,HYPERTENSIVE HEART DISEASE
DFHST000551,M,NA,FHSIS_Navotas_Mortality_2016_to_2018_2022,ISCHEMIC HEART DISEASE
DFHST000552,M,NA,FHSIS_Navotas_Mortality_2016_to_2018_2022,ISCHEMIC STROKE
DFHST000553,M,NA,FHSIS_Navotas_Mortality_2016_to_2018_2022,ASTHMA
DFHST000554,M,NA,FHSIS_Navotas_Mortality_2016_to_2018_2022,LEPTOSPIROSIS
DFHST000555,M,NA,FHSIS_Navotas_Mortality_2016_to_2018_2022,DENGUE FEVER
DFHST000556,M,NA,FHSIS_Navotas_Mortality_2016_to_2018_2022,DIABETES
DFHST000557,M,NA,FHSIS_Navotas_Mortality_2016_to_2018_2022,HYPERTENSIVE HEART DISEASE
DFHST000558,M,NA,FHSIS_Navotas_Mortality_2016_to_2018_2022,ISCHEMIC HEART DISEASE
DFHST000559,M,NA,FHSIS_Navotas_Mortality_2016_to_2018_2022,ISCHEMIC STROKE
DFHST00055A,M,NA,FHSIS_Navotas_Mortality_2016_to_2018_2022,ASTHMA
DFHST00055B,M,NA,FHSIS_Navotas_Mortality_2016_to_2018_2022,LEPTOSPIROSIS
DFHST00055C,M,NA,FHSIS_Navotas_Mortality_2016_to_2018_2022,DENGUE FEVER
DFHST00055D,M,NA,FHSIS_Navotas_Mortality_2016_to_2018_2022,DIABETES
DFHST00055E,M,NA,FHSIS_Navotas_Mortality_2016_to_2018_2022,HYPERTENSIVE HEART DISEASE
DFHST00055F,M,NA,FHSIS_Navotas_Mortality_2016_to_2018_2022,ISCHEMIC HEART DISEASE
DFHST000560,M,NA,FHSIS_Navotas_Mortality_2016_to_2018_2022,ISCHEMIC STROKE
DFHST000561,M,NA,FHSIS_Navotas_Mortality_2016_to_2018_2022,ASTHMA
DFHST000562,M,NA,FHSIS_Navotas_Mortality_2016_to_2018_2022,LEPTOSPIROSIS
DFHST000563,M,NA,FHSIS_Navotas_Mortality_2016_to_2018_2022,DENGUE FEVER
DFHST000564,M,NA,FHSIS_Navotas_Mortality_2016_to_2018_2022,DIABETES
DFHST000565,M,NA,FHSIS_Navotas_Mortality_2016_to_2018_2022,HYPERTENSIVE HEART DISEASE
DFHST000566,M,NA,FHSIS_Navotas_Mortality_2016_to_2018_2022,ISCHEMIC HEART DISEASE
DFHST000567,M,NA,FHSIS_Navotas_Mortality_2016_to_2018_2022,ISCHEMIC STROKE
DFHST000568,M,NA,FHSIS_Navotas_Mortality_2016_to_2018_2022,ASTHMA
DFHST000569,M,NA,FHSIS_Navotas_Mortality_2016_to_2018_2022,LEPTOSPIROSIS
DFHST00056A,M,NA,FHSIS_Navotas_Mortality_2016_to_2018_2022,DENGUE FEVER
DFHST00056B,M,NA,FHSIS_Navotas_Mortality_2016_to_2018_2022,DIABETES
DFHST00056C,M,NA,FHSIS_Navotas_Mortality_2016_to_2018_2022,HYPERTENSIVE HEART DISEASE
DFHST00056D,M,NA,FHSIS_Navotas_Mortality_2016_to_2018_2022,ISCHEMIC HEART DISEASE
DFHST00056E,M,NA,FHSIS_Navotas_Mortality_2016_to_2018_2022,ISCHEMIC STROKE
DFHST00056F,M,NA,FHSIS_Navotas_Mortality_2016_to_2018_2022,ASTHMA
DFHST000570,M,1/1/2020,FHSIS_Navotas_Mortality_2016_to_2018_2022,LEPTOSPIROSIS
DFHST000571,M,1/1/2020,FHSIS_Navotas_Mortality_2016_to_2018_2022,DENGUE FEVER
DFHST000572,M,1/1/2020,FHSIS_Navotas_Mortality_2016_to_2018_2022,DIABETES
DFHST000573,M,1/1/2020,FHSIS_Navotas_Mortality_2016_to_2018_2022,HYPERTENSIVE HEART DISEASE
DFHST000574,M,1/1/2020,FHSIS_Navotas_Mortality_2016_to_2018_2022,ISCHEMIC HEART DISEASE
DFHST000575,M,1/1/2020,FHSIS_Navotas_Mortality_2016_to_2018_2022,ISCHEMIC STROKE
DFHST000576,M,1/1/2020,FHSIS_Navotas_Mortality_2016_to_2018_2022,ASTHMA
DFHST000577,M,NA,FHSIS_Navotas_Mortality_2016_to_2018_2022,LEPTOSPIROSIS
DFHST000578,M,NA,FHSIS_Navotas_Mortality_2016_to_2018_2022,DENGUE FEVER
DFHST000579,M,NA,FHSIS_Navotas_Mortality_2016_to_2018_2022,DIABETES
DFHST00057A,M,NA,FHSIS_Navotas_Mortality_2016_to_2018_2022,HYPERTENSIVE HEART DISEASE
DFHST00057B,M,NA,FHSIS_Navotas_Mortality_2016_to_2018_2022,ISCHEMIC HEART DISEASE
DFHST00057C,M,NA,FHSIS_Navotas_Mortality_2016_to_2018_2022,ISCHEMIC STROKE
DFHST00057D,M,NA,FHSIS_Navotas_Mortality_2016_to_2018_2022,ASTHMA
DFHST00057E,M,NA,FHSIS_Navotas_Mortality_2016_to_2018_2022,LEPTOSPIROSIS
DFHST00057F,M,NA,FHSIS_Navotas_Mortality_2016_to_2018_2022,DENGUE FEVER
DFHST000580,M,NA,FHSIS_Navotas_Mortality_2016_to_2018_2022,DIABETES
DFHST000581,M,NA,FHSIS_Navotas_Mortality_2016_to_2018_2022,HYPERTENSIVE HEART DISEASE
DFHST000582,M,NA,FHSIS_Navotas_Mortality_2016_to_2018_2022,ISCHEMIC HEART DISEASE
DFHST000583,M,NA,FHSIS_Navotas_Mortality_2016_to_2018_2022,ISCHEMIC STROKE
DFHST000584,M,NA,FHSIS_Navotas_Mortality_2016_to_2018_2022,ASTHMA
DFHST000585,M,NA,FHSIS_Navotas_Mortality_2016_to_2018_2022,LEPTOSPIROSIS
DFHST000586,M,NA,FHSIS_Navotas_Mortality_2016_to_2018_2022,DENGUE FEVER
DFHST000587,M,NA,FHSIS_Navotas_Mortality_2016_to_2018_2022,DIABETES
DFHST000588,M,NA,FHSIS_Navotas_Mortality_2016_to_2018_2022,HYPERTENSIVE HEART DISEASE
DFHST000589,M,NA,FHSIS_Navotas_Mortality_2016_to_2018_2022,ISCHEMIC HEART DISEASE
DFHST00058A,M,NA,FHSIS_Navotas_Mortality_2016_to_2018_2022,ISCHEMIC STROKE
DFHST00058B,M,NA,FHSIS_Navotas_Mortality_2016_to_2018_2022,ASTHMA
DFHST00058C,M,NA,FHSIS_Navotas_Mortality_2016_to_2018_2022,LEPTOSPIROSIS
DFHST00058D,M,NA,FHSIS_Navotas_Mortality_2016_to_2018_2022,DENGUE FEVER
DFHST00058E,M,NA,FHSIS_Navotas_Mortality_2016_to_2018_2022,DIABETES
DFHST00058F,M,NA,FHSIS_Navotas_Mortality_2016_to_2018_2022,HYPERTENSIVE HEART DISEASE
DFHST000590,M,NA,FHSIS_Navotas_Mortality_2016_to_2018_2022,ISCHEMIC HEART DISEASE
DFHST000591,M,NA,FHSIS_Navotas_Mortality_2016_to_2018_2022,ISCHEMIC STROKE
DFHST000592,M,NA,FHSIS_Navotas_Mortality_2016_to_2018_2022,ASTHMA
DFHST000593,M,NA,FHSIS_Navotas_Mortality_2016_to_2018_2022,LEPTOSPIROSIS
DFHST000594,M,NA,FHSIS_Navotas_Mortality_2016_to_2018_2022,DENGUE FEVER
DFHST000595,M,NA,FHSIS_Navotas_Mortality_2016_to_2018_2022,DIABETES
DFHST000596,M,NA,FHSIS_Navotas_Mortality_2016_to_2018_2022,HYPERTENSIVE HEART DISEASE
DFHST000597,M,NA,FHSIS_Navotas_Mortality_2016_to_2018_2022,ISCHEMIC HEART DISEASE
DFHST000598,M,NA,FHSIS_Navotas_Mortality_2016_to_2018_2022,ISCHEMIC STROKE
DFHST000599,M,NA,FHSIS_Navotas_Mortality_2016_to_2018_2022,ASTHMA
DFHST00059A,M,NA,FHSIS_Navotas_Mortality_2016_to_2018_2022,LEPTOSPIROSIS
DFHST00059B,M,NA,FHSIS_Navotas_Mortality_2016_to_2018_2022,DENGUE FEVER
DFHST00059C,M,NA,FHSIS_Navotas_Mortality_2016_to_2018_2022,DIABETES
DFHST00059D,M,NA,FHSIS_Navotas_Mortality_2016_to_2018_2022,HYPERTENSIVE HEART DISEASE
DFHST00059E,M,NA,FHSIS_Navotas_Mortality_2016_to_2018_2022,ISCHEMIC HEART DISEASE
DFHST00059F,M,NA,FHSIS_Navotas_Mortality_2016_to_2018_2022,ISCHEMIC STROKE
DFHST0005A0,M,NA,FHSIS_Navotas_Mortality_2016_to_2018_2022,ASTHMA
DFHST0005A1,M,NA,FHSIS_Navotas_Mortality_2016_to_2018_2022,LEPTOSPIROSIS
DFHST0005A2,M,NA,FHSIS_Navotas_Mortality_2016_to_2018_2022,DENGUE FEVER
DFHST0005A3,M,NA,FHSIS_Navotas_Mortality_2016_to_2018_2022,DIABETES
DFHST0005A4,M,NA,FHSIS_Navotas_Mortality_2016_to_2018_2022,HYPERTENSIVE HEART DISEASE
DFHST0005A5,M,NA,FHSIS_Navotas_Mortality_2016_to_2018_2022,ISCHEMIC HEART DISEASE
DFHST0005A6,M,NA,FHSIS_Navotas_Mortality_2016_to_2018_2022,ISCHEMIC STROKE
DFHST0005A7,M,NA,FHSIS_Navotas_Mortality_2016_to_2018_2022,ASTHMA
DFHST0005A8,M,NA,FHSIS_Navotas_Mortality_2016_to_2018_2022,LEPTOSPIROSIS
DFHST0005A9,M,NA,FHSIS_Navotas_Mortality_2016_to_2018_2022,DENGUE FEVER
DFHST0005AA,M,NA,FHSIS_Navotas_Mortality_2016_to_2018_2022,DIABETES
DFHST0005AB,M,NA,FHSIS_Navotas_Mortality_2016_to_2018_2022,HYPERTENSIVE HEART DISEASE
DFHST0005AC,M,NA,FHSIS_Navotas_Mortality_2016_to_2018_2022,ISCHEMIC HEART DISEASE
DFHST0005AD,M,NA,FHSIS_Navotas_Mortality_2016_to_2018_2022,ISCHEMIC STROKE
DFHST0005AE,M,NA,FHSIS_Navotas_Mortality_2016_to_2018_2022,ASTHMA
DFHST0005AF,M,NA,FHSIS_Navotas_Mortality_2016_to_2018_2022,LEPTOSPIROSIS
DFHST0005B0,M,NA,FHSIS_Navotas_Mortality_2016_to_2018_2022,DENGUE FEVER
DFHST0005B1,M,NA,FHSIS_Navotas_Mortality_2016_to_2018_2022,DIABETES
DFHST0005B2,M,NA,FHSIS_Navotas_Mortality_2016_to_2018_2022,HYPERTENSIVE HEART DISEASE
DFHST0005B3,M,NA,FHSIS_Navotas_Mortality_2016_to_2018_2022,ISCHEMIC HEART DISEASE
DFHST0005B4,M,NA,FHSIS_Navotas_Mortality_2016_to_2018_2022,ISCHEMIC STROKE
DFHST0005B5,M,NA,FHSIS_Navotas_Mortality_2016_to_2018_2022,ASTHMA
DFHST0005B6,M,NA,FHSIS_Navotas_Mortality_2016_to_2018_2022,LEPTOSPIROSIS
DFHST0005B7,M,NA,FHSIS_Navotas_Mortality_2016_to_2018_2022,DENGUE FEVER
DFHST0005B8,M,NA,FHSIS_Navotas_Mortality_2016_to_2018_2022,DIABETES
DFHST0005B9,M,NA,FHSIS_Navotas_Mortality_2016_to_2018_2022,HYPERTENSIVE HEART DISEASE
DFHST0005BA,M,NA,FHSIS_Navotas_Mortality_2016_to_2018_2022,ISCHEMIC HEART DISEASE
DFHST0005BB,M,NA,FHSIS_Navotas_Mortality_2016_to_2018_2022,ISCHEMIC STROKE
DFHST0005BC,M,NA,FHSIS_Navotas_Mortality_2016_to_2018_2022,ASTHMA
DFHST0005BD,M,NA,FHSIS_Navotas_Mortality_2016_to_2018_2022,LEPTOSPIROSIS
DFHST0005BE,M,NA,FHSIS_Navotas_Mortality_2016_to_2018_2022,DENGUE FEVER
DFHST0005BF,M,NA,FHSIS_Navotas_Mortality_2016_to_2018_2022,DIABETES
DFHST0005C0,M,NA,FHSIS_Navotas_Mortality_2016_to_2018_2022,HYPERTENSIVE HEART DISEASE
DFHST0005C1,M,NA,FHSIS_Navotas_Mortality_2016_to_2018_2022,ISCHEMIC HEART DISEASE
DFHST0005C2,M,NA,FHSIS_Navotas_Mortality_2016_to_2018_2022,ISCHEMIC STROKE
DFHST0005C3,M,NA,FHSIS_Navotas_Mortality_2016_to_2018_2022,ASTHMA
DFHST0005C4,M,NA,FHSIS_Navotas_Mortality_2016_to_2018_2022,LEPTOSPIROSIS
DFHST0005C5,M,NA,FHSIS_Navotas_Mortality_2016_to_2018_2022,DENGUE FEVER
DFHST0005C6,M,NA,FHSIS_Navotas_Mortality_2016_to_2018_2022,DIABETES
DFHST0005C7,M,NA,FHSIS_Navotas_Mortality_2016_to_2018_2022,HYPERTENSIVE HEART DISEASE
DFHST0005C8,M,NA,FHSIS_Navotas_Mortality_2016_to_2018_2022,ISCHEMIC HEART DISEASE
DFHST0005C9,M,NA,FHSIS_Navotas_Mortality_2016_to_2018_2022,ISCHEMIC STROKE
DFHST0005CA,M,NA,FHSIS_Navotas_Mortality_2016_to_2018_2022,ASTHMA
DFHST0005CB,M,NA,FHSIS_Navotas_Mortality_2016_to_2018_2022,LEPTOSPIROSIS
DFHST0005CC,M,NA,FHSIS_Navotas_Mortality_2016_to_2018_2022,DENGUE FEVER
DFHST0005CD,M,NA,FHSIS_Navotas_Mortality_2016_to_2018_2022,DIABETES
DFHST0005CE,M,NA,FHSIS_Navotas_Mortality_2016_to_2018_2022,HYPERTENSIVE HEART DISEASE
DFHST0005CF,M,NA,FHSIS_Navotas_Mortality_2016_to_2018_2022,ISCHEMIC HEART DISEASE
DFHST0005D0,M,NA,FHSIS_Navotas_Mortality_2016_to_2018_2022,ISCHEMIC STROKE
DFHST0005D1,M,NA,FHSIS_Navotas_Mortality_2016_to_2018_2022,ASTHMA
DFHST0005D2,M,NA,FHSIS_Navotas_Mortality_2016_to_2018_2022,LEPTOSPIROSIS
DFHST0005D3,M,NA,FHSIS_Navotas_Mortality_2016_to_2018_2022,DENGUE FEVER
DFHST0005D4,M,NA,FHSIS_Navotas_Mortality_2016_to_2018_2022,DIABETES
DFHST0005D5,M,NA,FHSIS_Navotas_Mortality_2016_to_2018_2022,HYPERTENSIVE HEART DISEASE
DFHST0005D6,M,NA,FHSIS_Navotas_Mortality_2016_to_2018_2022,ISCHEMIC HEART DISEASE
DFHST0005D7,M,NA,FHSIS_Navotas_Mortality_2016_to_2018_2022,ISCHEMIC STROKE
DFHST0005D8,M,NA,FHSIS_Navotas_Mortality_2016_to_2018_2022,ASTHMA
DFHST0005D9,M,NA,FHSIS_Navotas_Mortality_2016_to_2018_2022,LEPTOSPIROSIS
DFHST0005DA,M,NA,FHSIS_Navotas_Mortality_2016_to_2018_2022,DENGUE FEVER
DFHST0005DB,M,NA,FHSIS_Navotas_Mortality_2016_to_2018_2022,DIABETES
DFHST0005DC,M,NA,FHSIS_Navotas_Mortality_2016_to_2018_2022,HYPERTENSIVE HEART DISEASE
DFHST0005DD,M,NA,FHSIS_Navotas_Mortality_2016_to_2018_2022,ISCHEMIC HEART DISEASE
DFHST0005DE,M,NA,FHSIS_Navotas_Mortality_2016_to_2018_2022,ISCHEMIC STROKE
DFHST0005DF,M,NA,FHSIS_Navotas_Mortality_2016_to_2018_2022,ASTHMA
DFHST0005E0,M,NA,FHSIS_Navotas_Mortality_2016_to_2018_2022,LEPTOSPIROSIS
DFHST0005E1,M,NA,FHSIS_Navotas_Mortality_2016_to_2018_2022,DENGUE FEVER
DFHST0005E2,M,NA,FHSIS_Navotas_Mortality_2016_to_2018_2022,DIABETES
DFHST0005E3,M,NA,FHSIS_Navotas_Mortality_2016_to_2018_2022,HYPERTENSIVE HEART DISEASE
DFHST0005E4,M,NA,FHSIS_Navotas_Mortality_2016_to_2018_2022,ISCHEMIC HEART DISEASE
DFHST0005E5,M,NA,FHSIS_Navotas_Mortality_2016_to_2018_2022,ISCHEMIC STROKE
DFHST0005E6,M,NA,FHSIS_Navotas_Mortality_2016_to_2018_2022,ASTHMA
DFHST0005E7,M,NA,FHSIS_Navotas_Mortality_2016_to_2018_2022,LEPTOSPIROSIS
DFHST0005E8,M,NA,FHSIS_Navotas_Mortality_2016_to_2018_2022,DENGUE FEVER
DFHST0005E9,M,NA,FHSIS_Navotas_Mortality_2016_to_2018_2022,DIABETES
DFHST0005EA,M,NA,FHSIS_Navotas_Mortality_2016_to_2018_2022,HYPERTENSIVE HEART DISEASE
DFHST0005EB,M,NA,FHSIS_Navotas_Mortality_2016_to_2018_2022,ISCHEMIC HEART DISEASE
DFHST0005EC,M,NA,FHSIS_Navotas_Mortality_2016_to_2018_2022,ISCHEMIC STROKE
DFHST0005ED,M,NA,FHSIS_Navotas_Mortality_2016_to_2018_2022,ASTHMA
DFHST0005EE,M,NA,FHSIS_Navotas_Mortality_2016_to_2018_2022,LEPTOSPIROSIS
DFHST0005EF,M,NA,FHSIS_Navotas_Mortality_2016_to_2018_2022,DENGUE FEVER
DFHST0005F0,M,NA,FHSIS_Navotas_Mortality_2016_to_2018_2022,DIABETES
DFHST0005F1,M,NA,FHSIS_Navotas_Mortality_2016_to_2018_2022,HYPERTENSIVE HEART DISEASE
DFHST0005F2,M,NA,FHSIS_Navotas_Mortality_2016_to_2018_2022,ISCHEMIC HEART DISEASE
DFHST0005F3,M,NA,FHSIS_Navotas_Mortality_2016_to_2018_2022,ISCHEMIC STROKE
DFHST0005F4,M,NA,FHSIS_Navotas_Mortality_2016_to_2018_2022,ASTHMA
DFHST0005F5,M,NA,FHSIS_Navotas_Mortality_2016_to_2018_2022,LEPTOSPIROSIS
DFHST0005F6,M,NA,FHSIS_Navotas_Mortality_2016_to_2018_2022,DENGUE FEVER
DFHST0005F7,M,NA,FHSIS_Navotas_Mortality_2016_to_2018_2022,DIABETES
DFHST0005F8,M,NA,FHSIS_Navotas_Mortality_2016_to_2018_2022,HYPERTENSIVE HEART DISEASE
DFHST0005F9,M,NA,FHSIS_Navotas_Mortality_2016_to_2018_2022,ISCHEMIC HEART DISEASE
DFHST0005FA,M,NA,FHSIS_Navotas_Mortality_2016_to_2018_2022,ISCHEMIC STROKE
DFHST0005FB,M,NA,FHSIS_Navotas_Mortality_2016_to_2018_2022,ASTHMA
DFHST0005FC,M,NA,FHSIS_Navotas_Mortality_2016_to_2018_2022,LEPTOSPIROSIS
DFHST0005FD,M,NA,FHSIS_Navotas_Mortality_2016_to_2018_2022,DENGUE FEVER
DFHST0005FE,M,NA,FHSIS_Navotas_Mortality_2016_to_2018_2022,DIABETES
DFHST0005FF,M,NA,FHSIS_Navotas_Mortality_2016_to_2018_2022,HYPERTENSIVE HEART DISEASE
DFHST000600,M,NA,FHSIS_Navotas_Mortality_2016_to_2018_2022,ISCHEMIC HEART DISEASE
DFHST000601,M,NA,FHSIS_Navotas_Mortality_2016_to_2018_2022,ISCHEMIC STROKE
DFHST000602,M,NA,FHSIS_Navotas_Mortality_2016_to_2018_2022,ASTHMA
DFHST000603,M,NA,FHSIS_Navotas_Mortality_2016_to_2018_2022,LEPTOSPIROSIS
DFHST000604,M,NA,FHSIS_Navotas_Mortality_2016_to_2018_2022,DENGUE FEVER
DFHST000605,M,NA,FHSIS_Navotas_Mortality_2016_to_2018_2022,DIABETES
DFHST000606,M,NA,FHSIS_Navotas_Mortality_2016_to_2018_2022,HYPERTENSIVE HEART DISEASE
DFHST000607,M,NA,FHSIS_Navotas_Mortality_2016_to_2018_2022,ISCHEMIC HEART DISEASE
DFHST000608,M,NA,FHSIS_Navotas_Mortality_2016_to_2018_2022,ISCHEMIC STROKE
DFHST000609,M,NA,FHSIS_Navotas_Mortality_2016_to_2018_2022,ASTHMA
DFHST00060A,M,NA,FHSIS_Navotas_Mortality_2016_to_2018_2022,LEPTOSPIROSIS
DFHST00060B,M,NA,FHSIS_Navotas_Mortality_2016_to_2018_2022,DENGUE FEVER
DFHST00060C,M,NA,FHSIS_Navotas_Mortality_2016_to_2018_2022,DIABETES
DFHST00060D,M,NA,FHSIS_Navotas_Mortality_2016_to_2018_2022,HYPERTENSIVE HEART DISEASE
DFHST00060E,M,NA,FHSIS_Navotas_Mortality_2016_to_2018_2022,ISCHEMIC HEART DISEASE
DFHST00060F,M,NA,FHSIS_Navotas_Mortality_2016_to_2018_2022,ISCHEMIC STROKE
DFHST000610,M,NA,FHSIS_Navotas_Mortality_2016_to_2018_2022,ASTHMA
DFHST000611,M,NA,FHSIS_Navotas_Mortality_2016_to_2018_2022,LEPTOSPIROSIS
DFHST000612,M,NA,FHSIS_Navotas_Mortality_2016_to_2018_2022,DENGUE FEVER
DFHST000613,M,NA,FHSIS_Navotas_Mortality_2016_to_2018_2022,DIABETES
DFHST000614,M,NA,FHSIS_Navotas_Mortality_2016_to_2018_2022,HYPERTENSIVE HEART DISEASE
DFHST000615,M,NA,FHSIS_Navotas_Mortality_2016_to_2018_2022,ISCHEMIC HEART DISEASE
DFHST000616,M,NA,FHSIS_Navotas_Mortality_2016_to_2018_2022,ISCHEMIC STROKE
DFHST000617,M,NA,FHSIS_Navotas_Mortality_2016_to_2018_2022,ASTHMA
DFHST000618,M,NA,FHSIS_Navotas_Morbidity_2018_2022,CHOLERA
DFHST000619,M,NA,FHSIS_Navotas_Morbidity_2018_2022,LEPTOSPIROSIS
DFHST00061A,M,NA,FHSIS_Navotas_Morbidity_2018_2022,RABIES
DFHST00061B,M,NA,FHSIS_Navotas_Morbidity_2018_2022,DENGUE FEVER
DFHST00061C,M,NA,FHSIS_Navotas_Morbidity_2018_2022,DIABETES
DFHST00061D,M,NA,FHSIS_Navotas_Morbidity_2018_2022,ANGINA
DFHST00061E,M,NA,FHSIS_Navotas_Morbidity_2018_2022,ASTHMA
DFHST00061F,M,NA,FHSIS_Navotas_Morbidity_2018_OCR,DIABETES
DFHST000620,M,NA,FHSIS_Navotas_Morbidity_2018_OCR,HYPERTENSIVE HEART DISEASE
DFHST000621,M,NA,FHSIS_Navotas_Morbidity_2018_OCR,ANGINA
DFHST000622,M,NA,FHSIS_Navotas_Morbidity_2018_OCR,ISCHEMIC HEART DISEASE
DFHST000623,M,NA,FHSIS_Navotas_Morbidity_2018_OCR,ASTHMA
DFHST000624,M,NA,FHSIS_Navotas_Mortality_2016_to_2018_2022,LEPTOSPIROSIS
DFHST000625,M,NA,FHSIS_Navotas_Mortality_2016_to_2018_2022,DENGUE FEVER
DFHST000626,M,NA,FHSIS_Navotas_Mortality_2016_to_2018_2022,DIABETES
DFHST000627,M,NA,FHSIS_Navotas_Mortality_2016_to_2018_2022,HYPERTENSIVE HEART DISEASE
DFHST000628,M,NA,FHSIS_Navotas_Mortality_2016_to_2018_2022,ISCHEMIC HEART DISEASE
DFHST000629,M,NA,FHSIS_Navotas_Mortality_2016_to_2018_2022,ISCHEMIC STROKE
DFHST00062A,M,NA,FHSIS_Navotas_Mortality_2016_to_2018_2022,ASTHMA
DFHST00062B,M,NA,FHSIS_Navotas_Morbidity_2018_2022,CHOLERA
DFHST00062C,M,NA,FHSIS_Navotas_Morbidity_2018_2022,LEPTOSPIROSIS
DFHST00062D,M,NA,FHSIS_Navotas_Morbidity_2018_2022,RABIES
DFHST00062E,M,NA,FHSIS_Navotas_Morbidity_2018_2022,DENGUE FEVER
DFHST00062F,M,NA,FHSIS_Navotas_Morbidity_2018_2022,DIABETES
DFHST000630,M,NA,FHSIS_Navotas_Morbidity_2018_2022,ANGINA
DFHST000631,M,NA,FHSIS_Navotas_Morbidity_2018_2022,ASTHMA
DFHST000632,M,NA,FHSIS_Navotas_Morbidity_2018_OCR,DIABETES
DFHST000633,M,NA,FHSIS_Navotas_Morbidity_2018_OCR,HYPERTENSIVE HEART DISEASE
DFHST000634,M,NA,FHSIS_Navotas_Morbidity_2018_OCR,ANGINA
DFHST000635,M,NA,FHSIS_Navotas_Morbidity_2018_OCR,ISCHEMIC HEART DISEASE
DFHST000636,M,NA,FHSIS_Navotas_Morbidity_2018_OCR,ASTHMA
DFHST000637,M,NA,FHSIS_Navotas_Mortality_2016_to_2018_2022,LEPTOSPIROSIS
DFHST000638,M,NA,FHSIS_Navotas_Mortality_2016_to_2018_2022,DENGUE FEVER
DFHST000639,M,NA,FHSIS_Navotas_Mortality_2016_to_2018_2022,DIABETES
DFHST00063A,M,NA,FHSIS_Navotas_Mortality_2016_to_2018_2022,HYPERTENSIVE HEART DISEASE
DFHST00063B,M,NA,FHSIS_Navotas_Mortality_2016_to_2018_2022,ISCHEMIC HEART DISEASE
DFHST00063C,M,NA,FHSIS_Navotas_Mortality_2016_to_2018_2022,ISCHEMIC STROKE
DFHST00063D,M,NA,FHSIS_Navotas_Mortality_2016_to_2018_2022,ASTHMA
DFHST00063E,M,NA,FHSIS_Navotas_Morbidity_2018_2022,CHOLERA
DFHST00063F,M,NA,FHSIS_Navotas_Morbidity_2018_2022,LEPTOSPIROSIS
DFHST000640,M,NA,FHSIS_Navotas_Morbidity_2018_2022,RABIES
DFHST000641,M,NA,FHSIS_Navotas_Morbidity_2018_2022,DENGUE FEVER
DFHST000642,M,NA,FHSIS_Navotas_Morbidity_2018_2022,DIABETES
DFHST000643,M,NA,FHSIS_Navotas_Morbidity_2018_2022,ANGINA
DFHST000644,M,NA,FHSIS_Navotas_Morbidity_2018_2022,ASTHMA
DFHST000645,M,NA,FHSIS_Navotas_Morbidity_2018_OCR,DIABETES
DFHST000646,M,NA,FHSIS_Navotas_Morbidity_2018_OCR,HYPERTENSIVE HEART DISEASE
DFHST000647,M,NA,FHSIS_Navotas_Morbidity_2018_OCR,ANGINA
DFHST000648,M,NA,FHSIS_Navotas_Morbidity_2018_OCR,ISCHEMIC HEART DISEASE
DFHST000649,M,NA,FHSIS_Navotas_Morbidity_2018_OCR,ASTHMA
DFHST00064A,M,NA,FHSIS_Navotas_Mortality_2016_to_2018_2022,LEPTOSPIROSIS
DFHST00064B,M,NA,FHSIS_Navotas_Mortality_2016_to_2018_2022,DENGUE FEVER
DFHST00064C,M,NA,FHSIS_Navotas_Mortality_2016_to_2018_2022,DIABETES
DFHST00064D,M,NA,FHSIS_Navotas_Mortality_2016_to_2018_2022,HYPERTENSIVE HEART DISEASE
DFHST00064E,M,NA,FHSIS_Navotas_Mortality_2016_to_2018_2022,ISCHEMIC HEART DISEASE
DFHST00064F,M,NA,FHSIS_Navotas_Mortality_2016_to_2018_2022,ISCHEMIC STROKE
DFHST000650,M,NA,FHSIS_Navotas_Mortality_2016_to_2018_2022,ASTHMA
DFHST000651,M,NA,FHSIS_Navotas_Morbidity_2018_2022,CHOLERA
DFHST000652,M,NA,FHSIS_Navotas_Morbidity_2018_2022,LEPTOSPIROSIS
DFHST000653,M,NA,FHSIS_Navotas_Morbidity_2018_2022,RABIES
DFHST000654,M,NA,FHSIS_Navotas_Morbidity_2018_2022,DENGUE FEVER
DFHST000655,M,NA,FHSIS_Navotas_Morbidity_2018_2022,DIABETES
DFHST000656,M,NA,FHSIS_Navotas_Morbidity_2018_2022,ANGINA
DFHST000657,M,NA,FHSIS_Navotas_Morbidity_2018_2022,ASTHMA
DFHST000658,M,NA,FHSIS_Navotas_Morbidity_2018_OCR,DIABETES
DFHST000659,M,NA,FHSIS_Navotas_Morbidity_2018_OCR,HYPERTENSIVE HEART DISEASE
DFHST00065A,M,NA,FHSIS_Navotas_Morbidity_2018_OCR,ANGINA
DFHST00065B,M,NA,FHSIS_Navotas_Morbidity_2018_OCR,ISCHEMIC HEART DISEASE
DFHST00065C,M,NA,FHSIS_Navotas_Morbidity_2018_OCR,ASTHMA
DFHST00065D,M,NA,FHSIS_Navotas_Mortality_2016_to_2018_2022,LEPTOSPIROSIS
DFHST00065E,M,NA,FHSIS_Navotas_Mortality_2016_to_2018_2022,DENGUE FEVER
DFHST00065F,M,NA,FHSIS_Navotas_Mortality_2016_to_2018_2022,DIABETES
DFHST000660,M,NA,FHSIS_Navotas_Mortality_2016_to_2018_2022,HYPERTENSIVE HEART DISEASE
DFHST000661,M,NA,FHSIS_Navotas_Mortality_2016_to_2018_2022,ISCHEMIC HEART DISEASE
DFHST000662,M,NA,FHSIS_Navotas_Mortality_2016_to_2018_2022,ISCHEMIC STROKE
DFHST000663,M,NA,FHSIS_Navotas_Mortality_2016_to_2018_2022,ASTHMA
DFHST000664,M,NA,FHSIS_Navotas_Morbidity_2018_2022,CHOLERA
DFHST000665,M,NA,FHSIS_Navotas_Morbidity_2018_2022,LEPTOSPIROSIS
DFHST000666,M,NA,FHSIS_Navotas_Morbidity_2018_2022,RABIES
DFHST000667,M,NA,FHSIS_Navotas_Morbidity_2018_2022,DENGUE FEVER
DFHST000668,M,NA,FHSIS_Navotas_Morbidity_2018_2022,DIABETES
DFHST000669,M,NA,FHSIS_Navotas_Morbidity_2018_2022,ANGINA
DFHST00066A,M,NA,FHSIS_Navotas_Morbidity_2018_2022,ASTHMA
DFHST00066B,M,NA,FHSIS_Navotas_Morbidity_2018_OCR,DIABETES
DFHST00066C,M,NA,FHSIS_Navotas_Morbidity_2018_OCR,HYPERTENSIVE HEART DISEASE
DFHST00066D,M,NA,FHSIS_Navotas_Morbidity_2018_OCR,ANGINA
DFHST00066E,M,NA,FHSIS_Navotas_Morbidity_2018_OCR,ISCHEMIC HEART DISEASE
DFHST00066F,M,NA,FHSIS_Navotas_Morbidity_2018_OCR,ASTHMA
DFHST000670,M,NA,FHSIS_Navotas_Mortality_2016_to_2018_2022,LEPTOSPIROSIS
DFHST000671,M,NA,FHSIS_Navotas_Mortality_2016_to_2018_2022,DENGUE FEVER
DFHST000672,M,NA,FHSIS_Navotas_Mortality_2016_to_2018_2022,DIABETES
DFHST000673,M,NA,FHSIS_Navotas_Mortality_2016_to_2018_2022,HYPERTENSIVE HEART DISEASE
DFHST000674,M,NA,FHSIS_Navotas_Mortality_2016_to_2018_2022,ISCHEMIC HEART DISEASE
DFHST000675,M,NA,FHSIS_Navotas_Mortality_2016_to_2018_2022,ISCHEMIC STROKE
DFHST000676,M,NA,FHSIS_Navotas_Mortality_2016_to_2018_2022,ASTHMA
DFHST000677,M,NA,FHSIS_Navotas_Morbidity_2018_2022,CHOLERA
DFHST000678,M,NA,FHSIS_Navotas_Morbidity_2018_2022,LEPTOSPIROSIS
DFHST000679,M,NA,FHSIS_Navotas_Morbidity_2018_2022,RABIES
DFHST00067A,M,NA,FHSIS_Navotas_Morbidity_2018_2022,DENGUE FEVER
DFHST00067B,M,NA,FHSIS_Navotas_Morbidity_2018_2022,DIABETES
DFHST00067C,M,NA,FHSIS_Navotas_Morbidity_2018_2022,ANGINA
DFHST00067D,M,NA,FHSIS_Navotas_Morbidity_2018_2022,ASTHMA
DFHST00067E,M,NA,FHSIS_Navotas_Morbidity_2018_OCR,DIABETES
DFHST00067F,M,NA,FHSIS_Navotas_Morbidity_2018_OCR,HYPERTENSIVE HEART DISEASE
DFHST000680,M,NA,FHSIS_Navotas_Morbidity_2018_OCR,ANGINA
DFHST000681,M,NA,FHSIS_Navotas_Morbidity_2018_OCR,ISCHEMIC HEART DISEASE
DFHST000682,M,NA,FHSIS_Navotas_Morbidity_2018_OCR,ASTHMA
DFHST000683,M,NA,FHSIS_Navotas_Mortality_2016_to_2018_2022,LEPTOSPIROSIS
DFHST000684,M,NA,FHSIS_Navotas_Mortality_2016_to_2018_2022,DENGUE FEVER
DFHST000685,M,NA,FHSIS_Navotas_Mortality_2016_to_2018_2022,DIABETES
DFHST000686,M,NA,FHSIS_Navotas_Mortality_2016_to_2018_2022,HYPERTENSIVE HEART DISEASE
DFHST000687,M,NA,FHSIS_Navotas_Mortality_2016_to_2018_2022,ISCHEMIC HEART DISEASE
DFHST000688,M,NA,FHSIS_Navotas_Mortality_2016_to_2018_2022,ISCHEMIC STROKE
DFHST000689,M,NA,FHSIS_Navotas_Mortality_2016_to_2018_2022,ASTHMA
DFHST00068A,M,NA,FHSIS_Navotas_Morbidity_2018_2022,CHOLERA
DFHST00068B,M,NA,FHSIS_Navotas_Morbidity_2018_2022,LEPTOSPIROSIS
DFHST00068C,M,NA,FHSIS_Navotas_Morbidity_2018_2022,RABIES
DFHST00068D,M,NA,FHSIS_Navotas_Morbidity_2018_2022,DENGUE FEVER
DFHST00068E,M,NA,FHSIS_Navotas_Morbidity_2018_2022,DIABETES
DFHST00068F,M,NA,FHSIS_Navotas_Morbidity_2018_2022,ANGINA
DFHST000690,M,NA,FHSIS_Navotas_Morbidity_2018_2022,ASTHMA
DFHST000691,M,NA,FHSIS_Navotas_Morbidity_2018_OCR,DIABETES
DFHST000692,M,NA,FHSIS_Navotas_Morbidity_2018_OCR,HYPERTENSIVE HEART DISEASE
DFHST000693,M,NA,FHSIS_Navotas_Morbidity_2018_OCR,ANGINA
DFHST000694,M,NA,FHSIS_Navotas_Morbidity_2018_OCR,ISCHEMIC HEART DISEASE
DFHST000695,M,NA,FHSIS_Navotas_Morbidity_2018_OCR,ASTHMA
DFHST000696,M,NA,FHSIS_Navotas_Mortality_2016_to_2018_2022,LEPTOSPIROSIS
DFHST000697,M,NA,FHSIS_Navotas_Mortality_2016_to_2018_2022,DENGUE FEVER
DFHST000698,M,NA,FHSIS_Navotas_Mortality_2016_to_2018_2022,DIABETES
DFHST000699,M,NA,FHSIS_Navotas_Mortality_2016_to_2018_2022,HYPERTENSIVE HEART DISEASE
DFHST00069A,M,NA,FHSIS_Navotas_Mortality_2016_to_2018_2022,ISCHEMIC HEART DISEASE
DFHST00069B,M,NA,FHSIS_Navotas_Mortality_2016_to_2018_2022,ISCHEMIC STROKE
DFHST00069C,M,NA,FHSIS_Navotas_Mortality_2016_to_2018_2022,ASTHMA
DFHST00069D,M,NA,FHSIS_Navotas_Morbidity_2018_2022,CHOLERA
DFHST00069E,M,NA,FHSIS_Navotas_Morbidity_2018_2022,LEPTOSPIROSIS
DFHST00069F,M,NA,FHSIS_Navotas_Morbidity_2018_2022,RABIES
DFHST0006A0,M,NA,FHSIS_Navotas_Morbidity_2018_2022,DENGUE FEVER
DFHST0006A1,M,NA,FHSIS_Navotas_Morbidity_2018_2022,DIABETES
DFHST0006A2,M,NA,FHSIS_Navotas_Morbidity_2018_2022,ANGINA
DFHST0006A3,M,NA,FHSIS_Navotas_Morbidity_2018_2022,ASTHMA
DFHST0006A4,M,NA,FHSIS_Navotas_Morbidity_2018_OCR,DIABETES
DFHST0006A5,M,NA,FHSIS_Navotas_Morbidity_2018_OCR,HYPERTENSIVE HEART DISEASE
DFHST0006A6,M,NA,FHSIS_Navotas_Morbidity_2018_OCR,ANGINA
DFHST0006A7,M,NA,FHSIS_Navotas_Morbidity_2018_OCR,ISCHEMIC HEART DISEASE
DFHST0006A8,M,NA,FHSIS_Navotas_Morbidity_2018_OCR,ASTHMA
DFHST0006A9,M,NA,FHSIS_Navotas_Mortality_2016_to_2018_2022,LEPTOSPIROSIS
DFHST0006AA,M,NA,FHSIS_Navotas_Mortality_2016_to_2018_2022,DENGUE FEVER
DFHST0006AB,M,NA,FHSIS_Navotas_Mortality_2016_to_2018_2022,DIABETES
DFHST0006AC,M,NA,FHSIS_Navotas_Mortality_2016_to_2018_2022,HYPERTENSIVE HEART DISEASE
DFHST0006AD,M,NA,FHSIS_Navotas_Mortality_2016_to_2018_2022,ISCHEMIC HEART DISEASE
DFHST0006AE,M,NA,FHSIS_Navotas_Mortality_2016_to_2018_2022,ISCHEMIC STROKE
DFHST0006AF,M,NA,FHSIS_Navotas_Mortality_2016_to_2018_2022,ASTHMA
DFHST0006B0,M,NA,FHSIS_Navotas_Morbidity_2018_2022,CHOLERA
DFHST0006B1,M,NA,FHSIS_Navotas_Morbidity_2018_2022,LEPTOSPIROSIS
DFHST0006B2,M,NA,FHSIS_Navotas_Morbidity_2018_2022,RABIES
DFHST0006B3,M,NA,FHSIS_Navotas_Morbidity_2018_2022,DENGUE FEVER
DFHST0006B4,M,NA,FHSIS_Navotas_Morbidity_2018_2022,DIABETES
DFHST0006B5,M,NA,FHSIS_Navotas_Morbidity_2018_2022,ANGINA
DFHST0006B6,M,NA,FHSIS_Navotas_Morbidity_2018_2022,ASTHMA
DFHST0006B7,M,NA,FHSIS_Navotas_Morbidity_2018_OCR,DIABETES
DFHST0006B8,M,NA,FHSIS_Navotas_Morbidity_2018_OCR,HYPERTENSIVE HEART DISEASE
DFHST0006B9,M,NA,FHSIS_Navotas_Morbidity_2018_OCR,ANGINA
DFHST0006BA,M,NA,FHSIS_Navotas_Morbidity_2018_OCR,ISCHEMIC HEART DISEASE
DFHST0006BB,M,NA,FHSIS_Navotas_Morbidity_2018_OCR,ASTHMA
DFHST0006BC,M,NA,FHSIS_Navotas_Mortality_2016_to_2018_2022,LEPTOSPIROSIS
DFHST0006BD,M,NA,FHSIS_Navotas_Mortality_2016_to_2018_2022,DENGUE FEVER
DFHST0006BE,M,NA,FHSIS_Navotas_Mortality_2016_to_2018_2022,DIABETES
DFHST0006BF,M,NA,FHSIS_Navotas_Mortality_2016_to_2018_2022,HYPERTENSIVE HEART DISEASE
DFHST0006C0,M,NA,FHSIS_Navotas_Mortality_2016_to_2018_2022,ISCHEMIC HEART DISEASE
DFHST0006C1,M,NA,FHSIS_Navotas_Mortality_2016_to_2018_2022,ISCHEMIC STROKE
DFHST0006C2,M,NA,FHSIS_Navotas_Mortality_2016_to_2018_2022,ASTHMA
DFHST0006C3,M,NA,FHSIS_Navotas_Morbidity_2018_2022,CHOLERA
DFHST0006C4,M,NA,FHSIS_Navotas_Morbidity_2018_2022,LEPTOSPIROSIS
DFHST0006C5,M,NA,FHSIS_Navotas_Morbidity_2018_2022,RABIES
DFHST0006C6,M,NA,FHSIS_Navotas_Morbidity_2018_2022,DENGUE FEVER
DFHST0006C7,M,NA,FHSIS_Navotas_Morbidity_2018_2022,DIABETES
DFHST0006C8,M,NA,FHSIS_Navotas_Morbidity_2018_2022,ANGINA
DFHST0006C9,M,NA,FHSIS_Navotas_Morbidity_2018_2022,ASTHMA
DFHST0006CA,M,NA,FHSIS_Navotas_Morbidity_2018_OCR,DIABETES
DFHST0006CB,M,NA,FHSIS_Navotas_Morbidity_2018_OCR,HYPERTENSIVE HEART DISEASE
DFHST0006CC,M,NA,FHSIS_Navotas_Morbidity_2018_OCR,ANGINA
DFHST0006CD,M,NA,FHSIS_Navotas_Morbidity_2018_OCR,ISCHEMIC HEART DISEASE
DFHST0006CE,M,NA,FHSIS_Navotas_Morbidity_2018_OCR,ASTHMA
DFHST0006CF,M,NA,FHSIS_Navotas_Mortality_2016_to_2018_2022,LEPTOSPIROSIS
DFHST0006D0,M,NA,FHSIS_Navotas_Mortality_2016_to_2018_2022,DENGUE FEVER
DFHST0006D1,M,NA,FHSIS_Navotas_Mortality_2016_to_2018_2022,DIABETES
DFHST0006D2,M,NA,FHSIS_Navotas_Mortality_2016_to_2018_2022,HYPERTENSIVE HEART DISEASE
DFHST0006D3,M,NA,FHSIS_Navotas_Mortality_2016_to_2018_2022,ISCHEMIC HEART DISEASE
DFHST0006D4,M,NA,FHSIS_Navotas_Mortality_2016_to_2018_2022,ISCHEMIC STROKE
DFHST0006D5,M,NA,FHSIS_Navotas_Mortality_2016_to_2018_2022,ASTHMA
DFHST0006D6,M,NA,FHSIS_Navotas_Morbidity_2018_2022,CHOLERA
DFHST0006D7,M,NA,FHSIS_Navotas_Morbidity_2018_2022,LEPTOSPIROSIS
DFHST0006D8,M,NA,FHSIS_Navotas_Morbidity_2018_2022,RABIES
DFHST0006D9,M,NA,FHSIS_Navotas_Morbidity_2018_2022,DENGUE FEVER
DFHST0006DA,M,NA,FHSIS_Navotas_Morbidity_2018_2022,DIABETES
DFHST0006DB,M,NA,FHSIS_Navotas_Morbidity_2018_2022,ANGINA
DFHST0006DC,M,NA,FHSIS_Navotas_Morbidity_2018_2022,ASTHMA
DFHST0006DD,M,NA,FHSIS_Navotas_Morbidity_2018_OCR,DIABETES
DFHST0006DE,M,NA,FHSIS_Navotas_Morbidity_2018_OCR,HYPERTENSIVE HEART DISEASE
DFHST0006DF,M,NA,FHSIS_Navotas_Morbidity_2018_OCR,ANGINA
DFHST0006E0,M,NA,FHSIS_Navotas_Morbidity_2018_OCR,ISCHEMIC HEART DISEASE
DFHST0006E1,M,NA,FHSIS_Navotas_Morbidity_2018_OCR,ASTHMA
DFHST0006E2,M,NA,FHSIS_Navotas_Mortality_2016_to_2018_2022,LEPTOSPIROSIS
DFHST0006E3,M,NA,FHSIS_Navotas_Mortality_2016_to_2018_2022,DENGUE FEVER
DFHST0006E4,M,NA,FHSIS_Navotas_Mortality_2016_to_2018_2022,DIABETES
DFHST0006E5,M,NA,FHSIS_Navotas_Mortality_2016_to_2018_2022,HYPERTENSIVE HEART DISEASE
DFHST0006E6,M,NA,FHSIS_Navotas_Mortality_2016_to_2018_2022,ISCHEMIC HEART DISEASE
DFHST0006E7,M,NA,FHSIS_Navotas_Mortality_2016_to_2018_2022,ISCHEMIC STROKE
DFHST0006E8,M,NA,FHSIS_Navotas_Mortality_2016_to_2018_2022,ASTHMA
DFHST0006E9,M,NA,FHSIS_Navotas_Morbidity_2018_2022,CHOLERA
DFHST0006EA,M,NA,FHSIS_Navotas_Morbidity_2018_2022,LEPTOSPIROSIS
DFHST0006EB,M,NA,FHSIS_Navotas_Morbidity_2018_2022,RABIES
DFHST0006EC,M,NA,FHSIS_Navotas_Morbidity_2018_2022,DENGUE FEVER
DFHST0006ED,M,NA,FHSIS_Navotas_Morbidity_2018_2022,DIABETES
DFHST0006EE,M,NA,FHSIS_Navotas_Morbidity_2018_2022,ANGINA
DFHST0006EF,M,NA,FHSIS_Navotas_Morbidity_2018_2022,ASTHMA
DFHST0006F0,M,NA,FHSIS_Navotas_Morbidity_2018_OCR,DIABETES
DFHST0006F1,M,NA,FHSIS_Navotas_Morbidity_2018_OCR,HYPERTENSIVE HEART DISEASE
DFHST0006F2,M,NA,FHSIS_Navotas_Morbidity_2018_OCR,ANGINA
DFHST0006F3,M,NA,FHSIS_Navotas_Morbidity_2018_OCR,ISCHEMIC HEART DISEASE
DFHST0006F4,M,NA,FHSIS_Navotas_Morbidity_2018_OCR,ASTHMA
DFHST0006F5,M,NA,FHSIS_Navotas_Mortality_2016_to_2018_2022,LEPTOSPIROSIS
DFHST0006F6,M,NA,FHSIS_Navotas_Mortality_2016_to_2018_2022,DENGUE FEVER
DFHST0006F7,M,NA,FHSIS_Navotas_Mortality_2016_to_2018_2022,DIABETES
DFHST0006F8,M,NA,FHSIS_Navotas_Mortality_2016_to_2018_2022,HYPERTENSIVE HEART DISEASE
DFHST0006F9,M,NA,FHSIS_Navotas_Mortality_2016_to_2018_2022,ISCHEMIC HEART DISEASE
DFHST0006FA,M,NA,FHSIS_Navotas_Mortality_2016_to_2018_2022,ISCHEMIC STROKE
DFHST0006FB,M,NA,FHSIS_Navotas_Mortality_2016_to_2018_2022,ASTHMA
